{
  "mnist": {
    "train_shape": [
      10200,
      784
    ],
    "val_shape": [
      1800,
      784
    ],
    "test_shape": [
      2000,
      784
    ],
    "missing_values": 0,
    "pixel_mean": 0.1303255409002304,
    "pixel_std": 0.30771979689598083,
    "label_distribution_train": {
      "0": 1007,
      "1": 1146,
      "2": 1013,
      "3": 1042,
      "4": 993,
      "5": 921,
      "6": 1006,
      "7": 1065,
      "8": 995,
      "9": 1012
    }
  },
  "fashion_mnist": {
    "train_shape": [
      10200,
      784
    ],
    "val_shape": [
      1800,
      784
    ],
    "test_shape": [
      2000,
      784
    ],
    "missing_values": 0,
    "pixel_mean": 0.2864994704723358,
    "pixel_std": 0.3538680970668793,
    "label_distribution_train": {
      "0": 1020,
      "1": 1020,
      "2": 1020,
      "3": 1020,
      "4": 1020,
      "5": 1020,
      "6": 1020,
      "7": 1020,
      "8": 1020,
      "9": 1020
    }
  },
  "cifar10": {
    "train_shape": [
      12750,
      3072
    ],
    "val_shape": [
      2250,
      3072
    ],
    "test_shape": [
      2000,
      3072
    ],
    "missing_values": 0,
    "pixel_mean": 0.4729362726211548,
    "pixel_std": 0.2512388229370117,
    "label_distribution_train": {
      "0": 1275,
      "1": 1275,
      "2": 1275,
      "3": 1275,
      "4": 1275,
      "5": 1275,
      "6": 1275,
      "7": 1275,
      "8": 1275,
      "9": 1275
    }
  }
}